Cluster no	Representative no	Nterm
CVK90632.1	CVK90632.1	unk
CVK90632.1	CVK92128.1	unk
CVK90632.1	CZR43568.1	unk
CVK90632.1	EGU76596.1	unk
CVK90632.1	EMT63117.1	unk
CVK90632.1	ENH67486.1	unk
CVK90632.1	EWZ36689.1	unk
CVK90632.1	EXA44268.1	unk
CVK90632.1	EXL56150.1	unk
CVK90632.1	EXL73516.1	unk
CVK90632.1	EXM19725.1	unk
CVK90632.1	KLO88890.1	unk
CVK90632.1	KLO94669.1	unk
CVK90632.1	PCD34864.1	unk
CVK90632.1	PNP80499.1	unk
CVK90632.1	RBA21306.1	unk
CVK90632.1	RBQ66104.1	unk
CVK90632.1	SCN63944.1	unk
CVK90632.1	SCO78152.1	unk
CVK90632.1	SCV28723.1	unk
CVK90632.1	XP_018239834.1	unk
CVK90632.1	XP_018747190.1	unk
CVK90632.1	XP_023430282.1	unk
CVK90882.1	CVK90882.1	GOODBYE-LIKE
CVK90882.1	CVK91963.1	GOODBYE-LIKE
CVK90882.1	CZR43674.1	GOODBYE-LIKE
CVK90882.1	EGU73775.1	unk
CVK90882.1	EMT63020.1	unk
CVK90882.1	ENH67760.1	unk
CVK90882.1	EWY89954.1	unk
CVK90882.1	EWZ36547.1	unk
CVK90882.1	EWZ90790.1	unk
CVK90882.1	EXA44116.1	unk
CVK90882.1	EXK81371.1	unk
CVK90882.1	EXL56011.1	unk
CVK90882.1	EXL69954.1	unk
CVK90882.1	EXL98765.1	unk
CVK90882.1	EXM24841.1	unk
CVK90882.1	KLO89182.1	GOODBYE-LIKE
CVK90882.1	KLP02536.1	GOODBYE-LIKE
CVK90882.1	KLP05343.1	GOODBYE-LIKE
CVK90882.1	PCD34768.1	unk
CVK90882.1	PNP80381.1	GOODBYE-LIKE
CVK90882.1	RBA21213.1	GOODBYE-LIKE
CVK90882.1	RBQ76444.1	GOODBYE-LIKE
CVK90882.1	RBR05593.1	GOODBYE-LIKE
CVK90882.1	SCN87235.1	GOODBYE-LIKE
CVK90882.1	SCO31163.1	GOODBYE-LIKE
CVK90882.1	SCO46628.1	GOODBYE-LIKE
CVK90882.1	SCO78259.1	unk
CVK90882.1	SCV28617.1	GOODBYE-LIKE
CVK90882.1	SCV41996.1	GOODBYE-LIKE
CVK90882.1	XP_018239687.1	unk
CVK90882.1	XP_018747334.1	GOODBYE-LIKE
CVK90882.1	XP_023430185.1	GOODBYE-LIKE
CVK91764.1	CVK91764.1	GOODBYE-LIKE
CVK91764.1	CZR42635.1	GOODBYE-LIKE
CVK91764.1	KLO83775.1	GOODBYE-LIKE
CVK91764.1	RBA15367.1	GOODBYE-LIKE
CVK91764.1	SCO48271.1	GOODBYE-LIKE
CVK91764.1	SCV36090.1	GOODBYE-LIKE
CVK91764.1	XP_023432557.1	GOODBYE-LIKE
CVK91764.1	EGU79942.1	GOODBYE-LIKE
CVK91764.1	EWY87942.1	GOODBYE-LIKE
CVK91764.1	EWZ87333.1	GOODBYE-LIKE
CVK91764.1	EXK99477.1	GOODBYE-LIKE
CVK91764.1	EXL44512.1	GOODBYE-LIKE
CVK91764.1	EXM08803.1	GOODBYE-LIKE
CVK91764.1	EXM34335.1	GOODBYE-LIKE
CVK91764.1	PCD32692.1	GOODBYE-LIKE
CVK91764.1	RBQ77409.1	GOODBYE-LIKE
CVK91764.1	RBQ92847.1	GOODBYE-LIKE
CVK91764.1	RBR11157.1	GOODBYE-LIKE
CVK91764.1	SCO86426.1	GOODBYE-LIKE
CVK91764.1	XP_018236620.1	GOODBYE-LIKE
CVK91764.1	XP_018744723.1	GOODBYE-LIKE
CVK91764.1	XP_018744724.1	GOODBYE-LIKE
CVK94659.1	CVK94659.1	HELO-LIKE
CVK94659.1	CVL00772.1	HELO-LIKE
CVK94659.1	CZR40910.1	HELO-LIKE
CVK94659.1	EMT69961.1	HELO-LIKE
CVK94659.1	ENH70495.1	HELO-LIKE
CVK94659.1	EWY87247.1	HELO-LIKE
CVK94659.1	EWZ34440.1	HELO-LIKE
CVK94659.1	EWZ95466.1	HELO-LIKE
CVK94659.1	EXA38391.1	HELO-LIKE
CVK94659.1	EXK95454.1	HELO-LIKE
CVK94659.1	EXL48156.1	HELO-LIKE
CVK94659.1	EXM04734.1	HELO-LIKE
CVK94659.1	EXM31520.1	HELO-LIKE
CVK94659.1	KLO88115.1	HELO-LIKE
CVK94659.1	KLP10523.1	HELO-LIKE
CVK94659.1	KLP14637.1	HELO-LIKE
CVK94659.1	PCD30621.1	HELO-LIKE
CVK94659.1	RBA16073.1	HELO-LIKE
CVK94659.1	RBR14589.1	HELO-LIKE
CVK94659.1	SCO45767.1	HELO-LIKE
CVK94659.1	SCO52714.1	HELO-LIKE
CVK94659.1	SCV53701.1	HELO-LIKE
CVK94659.1	XP_018246204.1	HELO-LIKE
CVK94659.1	XP_018752371.1	HELO-LIKE
CVK94659.1	XP_023433158.1	HELO-LIKE
CVK94674.1	CVK94674.1	unk
CVK94674.1	CVL00745.1	unk
CVK94674.1	CZR40895.1	unk
CVK94674.1	KLO88100.1	unk
CVK94674.1	KLP10538.1	unk
CVK94674.1	KLP14622.1	unk
CVK94674.1	RBA16059.1	unk
CVK94674.1	SCN88022.1	unk
CVK94674.1	SCO45738.1	unk
CVK94674.1	SCO52752.1	unk
CVK94674.1	SCV48026.1	unk
CVK94674.1	SCV53736.1	unk
CVK94674.1	XP_023433146.1	unk
CVK94674.1	EGU74195.1	unk
CVK94674.1	EMT69946.1	unk
CVK94674.1	ENH70479.1	unk
CVK94674.1	EWY87262.1	unk
CVK94674.1	EWZ34425.1	unk
CVK94674.1	EWZ95481.1	unk
CVK94674.1	EXA38376.1	unk
CVK94674.1	EXK37063.1	unk
CVK94674.1	EXK95469.1	unk
CVK94674.1	EXL48140.1	unk
CVK94674.1	EXM04719.1	unk
CVK94674.1	EXM26414.1	unk
CVK94674.1	PCD30606.1	unk
CVK94674.1	PCD30607.1	unk
CVK94674.1	SCO88006.1	unk
CVK94674.1	XP_018246187.1	unk
CVK97409.1	CVK97409.1	unk
CVK97409.1	CVL01620.1	unk
CVK97409.1	CZR46565.1	unk
CVK97409.1	EGU80155.1	unk
CVK97409.1	EMT66487.1	unk
CVK97409.1	ENH63144.1	unk
CVK97409.1	EWZ00976.1	unk
CVK97409.1	EWZ47007.1	unk
CVK97409.1	EWZ82177.1	unk
CVK97409.1	EXA43414.1	unk
CVK97409.1	EXK91742.1	unk
CVK97409.1	EXL46894.1	unk
CVK97409.1	EXL78077.1	unk
CVK97409.1	EXM15563.1	unk
CVK97409.1	KIL90692.1	unk
CVK97409.1	KLO80440.1	unk
CVK97409.1	KLP07762.1	unk
CVK97409.1	KLP13254.1	unk
CVK97409.1	PCD42399.1	unk
CVK97409.1	PNP74758.1	unk
CVK97409.1	RBA14000.1	unk
CVK97409.1	RBQ75701.1	unk
CVK97409.1	RBR01582.1	unk
CVK97409.1	RBR21053.1	unk
CVK97409.1	RBR24368.1	unk
CVK97409.1	RFN41208.1	unk
CVK97409.1	SCO15288.1	unk
CVK97409.1	SCO40146.1	unk
CVK97409.1	SCO81324.1	unk
CVK97409.1	SCV37980.1	unk
CVK97409.1	SCV58885.1	unk
CVK97409.1	XP_018238660.1	unk
CVK97409.1	XP_018753177.1	unk
CVK97409.1	XP_023434529.1	unk
CVK97438.1	CVK97438.1	unk
CVK97438.1	EGU80172.1	unk
CVK97438.1	EMT66508.1	unk
CVK97438.1	ENH67071.1	unk
CVK97438.1	EWZ01002.1	unk
CVK97438.1	EWZ47035.1	unk
CVK97438.1	EWZ82201.1	unk
CVK97438.1	EXA43387.1	unk
CVK97438.1	EXK91766.1	unk
CVK97438.1	EXL46865.1	unk
CVK97438.1	EXM02656.1	unk
CVK97438.1	EXM17620.1	unk
CVK97438.1	KLO80422.1	unk
CVK97438.1	KLP06890.1	unk
CVK97438.1	KLP18215.1	unk
CVK97438.1	PCD42379.1	unk
CVK97438.1	PNP74738.1	unk
CVK97438.1	RBQ75684.1	unk
CVK97438.1	RBR01564.1	unk
CVK97438.1	RBR21035.1	unk
CVK97438.1	SCO12488.1	unk
CVK97438.1	SCO23213.1	unk
CVK97438.1	SCO81346.1	unk
CVK97438.1	SCV38053.1	unk
CVK97438.1	XP_018753157.1	unk
CVK97438.1	CVL01664.1	unk
CVK97438.1	CZR46543.1	unk
CVK97438.1	RBA13981.1	unk
CVK97774.1	CVK97774.1	HELO-LIKE
CVK97774.1	CVL05347.1	HELO-LIKE
CVK97774.1	CZR41663.1	HELO-LIKE
CVK97774.1	EGU86129.1	HELO-LIKE
CVK97774.1	EWY85990.1	HELO-LIKE
CVK97774.1	EWZ31608.1	HELO-LIKE
CVK97774.1	EWZ94194.1	HELO-LIKE
CVK97774.1	EXA39684.1	HELO-LIKE
CVK97774.1	EXK38376.1	HELO-LIKE
CVK97774.1	EXL42885.1	HELO-LIKE
CVK97774.1	EXL66149.1	HELO-LIKE
CVK97774.1	EXM00545.1	HELO-LIKE
CVK97774.1	EXM26045.1	HELO-LIKE
CVK97774.1	KLP04262.1	HELO-LIKE
CVK97774.1	KPA37951.1	HELO-LIKE
CVK97774.1	PCD31350.1	HELO-LIKE
CVK97774.1	RBA13199.1	HELO-LIKE
CVK97774.1	SCO20608.1	HELO-LIKE
CVK97774.1	SCO22682.1	HELO-LIKE
CVK97774.1	SCO88756.1	HELO-LIKE
CVK97774.1	SCV57220.1	HELO-LIKE
CVK97774.1	XP_018251503.1	HELO-LIKE
CVK97774.1	XP_023433805.1	HELO-LIKE
CVK97774.1	ENH64044.1	HELO-LIKE
CVK97774.1	EMT73434.1	HELO-LIKE
CVK97774.1	XP_018759429.1	HELO-LIKE
CVL01597.1	CVL01597.1	GOODBYE-LIKE
CVL01597.1	CVK97475.1	GOODBYE-LIKE
CVL01597.1	CZR46572.1	GOODBYE-LIKE
CVL01597.1	EGU82618.1	GOODBYE-LIKE
CVL01597.1	EMT66533.1	GOODBYE-LIKE
CVL01597.1	ENH67046.1	GOODBYE-LIKE
CVL01597.1	EWZ01030.1	GOODBYE-LIKE
CVL01597.1	EWZ47064.1	GOODBYE-LIKE
CVL01597.1	EWZ82229.1	GOODBYE-LIKE
CVL01597.1	EXA43359.1	GOODBYE-LIKE
CVL01597.1	EXL46839.1	GOODBYE-LIKE
CVL01597.1	EXM17652.1	GOODBYE-LIKE
CVL01597.1	KIL94372.1	GOODBYE-LIKE
CVL01597.1	KLO80399.1	GOODBYE-LIKE
CVL01597.1	KLP06868.1	GOODBYE-LIKE
CVL01597.1	OBS19060.1	GOODBYE-LIKE
CVL01597.1	PCD42358.1	GOODBYE-LIKE
CVL01597.1	PNP74717.1	GOODBYE-LIKE
CVL01597.1	RBA14007.1	GOODBYE-LIKE
CVL01597.1	RBQ73226.1	GOODBYE-LIKE
CVL01597.1	RBR19230.1	GOODBYE-LIKE
CVL01597.1	RBR21019.1	GOODBYE-LIKE
CVL01597.1	RFN45714.1	GOODBYE-LIKE
CVL01597.1	SCO15403.1	GOODBYE-LIKE
CVL01597.1	SCO54842.1	GOODBYE-LIKE
CVL01597.1	SCO81370.1	GOODBYE-LIKE
CVL01597.1	SCV38142.1	GOODBYE-LIKE
CVL01597.1	XP_018238604.1	GOODBYE-LIKE
CVL01597.1	XP_018753129.1	GOODBYE-LIKE
CVL01597.1	XP_023434569.1	GOODBYE-LIKE
CVL01597.1	XP_025582386.1	GOODBYE-LIKE
SCO48006.1	SCO48006.1	HELO-LIKE
SCO48006.1	CVK92123.1	HELO-LIKE
SCO48006.1	CVL08022.1	HELO-LIKE
SCO48006.1	CZR42815.1	HELO-LIKE
SCO48006.1	EWY87724.1	HELO-LIKE
SCO48006.1	EWZ40798.1	HELO-LIKE
SCO48006.1	EWZ81830.1	HELO-LIKE
SCO48006.1	EXA41572.1	HELO-LIKE
SCO48006.1	EXK33504.1	HELO-LIKE
SCO48006.1	EXK86120.1	HELO-LIKE
SCO48006.1	EXL44283.1	HELO-LIKE
SCO48006.1	EXL67393.1	HELO-LIKE
SCO48006.1	EXM08580.1	HELO-LIKE
SCO48006.1	EXM19171.1	HELO-LIKE
SCO48006.1	KLO94746.1	HELO-LIKE
SCO48006.1	KLP07632.1	HELO-LIKE
SCO48006.1	KLP19434.1	HELO-LIKE
SCO48006.1	PCD32511.1	HELO-LIKE
SCO48006.1	PNP79792.1	HELO-LIKE
SCO48006.1	RBA15513.1	HELO-LIKE
SCO48006.1	SCN67783.1	HELO-LIKE
SCO48006.1	SCO86241.1	HELO-LIKE
SCO48006.1	SCV36389.1	HELO-LIKE
SCO48006.1	SCV60987.1	HELO-LIKE
SCO48006.1	XP_018236396.1	HELO-LIKE
SCO48006.1	XP_018744492.1	HELO-LIKE
SCO48006.1	XP_023432720.1	HELO-LIKE
SCO48006.1	RBR10880.1	HELO-LIKE
SCO48006.1	RBQ66634.1	HELO-LIKE
SCO48006.1	RBQ93876.1	HELO-LIKE
SCO52041.1	SCO52041.1	HELO
SCO52041.1	CVK99134.1	HELO
SCO52041.1	KLO95598.1	HELO
SCO52041.1	KLO99464.1	HELO
SCO52041.1	PNP86531.1	HELO
SCO52041.1	SCV27441.1	HELO
SCO52041.1	XP_023427358.1	HELO
SCO52041.1	PCD37160.1	HELO
SCO52041.1	CVL06292.1	HELO
SCO52041.1	CZR48711.1	HELO
SCO52041.1	EMT72740.1	HELO
SCO52041.1	EWZ45940.1	HELO
SCO52041.1	EWZ97237.1	HELO
SCO52041.1	EXL63296.1	HELO
SCO52041.1	EXM07412.1	HELO
SCO52041.1	KLO92093.1	HELO
SCO52041.1	RBQ80397.1	HELO
SCO52041.1	SCO16926.1	HELO
SCO52041.1	XP_018760587.1	HELO
SCO52041.1	EGU88855.1	HELO
SCO52041.1	ENH63764.1	HELO
SCO52041.1	EXA51221.1	HELO
SCO52041.1	EXK85215.1	HELO
SCO52041.1	EXL70875.1	HELO
SCO52041.1	EXM14506.1	HELO
SCO52041.1	SCO84254.1	HELO
SCO52041.1	RBA10433.1	HELO
XP_018761182.1	XP_018761182.1	SESB-LIKE
XP_018761182.1	CVL05986.1	SESB-LIKE
XP_018761182.1	CVL07427.1	SESB-LIKE
XP_018761182.1	CZR45903.1	SESB-LIKE
XP_018761182.1	EMT69606.1	SESB-LIKE
XP_018761182.1	EWY81002.1	SESB-LIKE
XP_018761182.1	EWZ29451.1	SESB-LIKE
XP_018761182.1	EWZ79518.1	SESB-LIKE
XP_018761182.1	EXA34763.1	SESB-LIKE
XP_018761182.1	EXK24731.1	SESB-LIKE
XP_018761182.1	EXL42048.1	SESB-LIKE
XP_018761182.1	EXL92970.1	SESB-LIKE
XP_018761182.1	EXM21692.1	SESB-LIKE
XP_018761182.1	PCD22241.1	SESB-LIKE
XP_018761182.1	PCD23911.1	SESB-LIKE
XP_018761182.1	RBR11743.1	SESB-LIKE
XP_018761182.1	SCO16804.1	SESB-LIKE
XP_018761182.1	SCO20307.1	SESB-LIKE
XP_018761182.1	SCV50309.1	SESB-LIKE
XP_018761182.1	SCV59649.1	SESB-LIKE
XP_018761182.1	XP_018258242.1	SESB-LIKE
XP_018761182.1	XP_023437253.1	SESB-LIKE
EWZ97664.1	EWZ97664.1	unk
EWZ97664.1	CVK89761.1	unk
EWZ97664.1	CVK93353.1	unk
EWZ97664.1	CZR39389.1	unk
EWZ97664.1	EWZ97665.1	unk
EWZ97664.1	EXA50788.1	unk
EWZ97664.1	EXA50789.1	unk
EWZ97664.1	EXK99824.1	unk
EWZ97664.1	EXK99825.1	unk
EWZ97664.1	EXL62868.1	unk
EWZ97664.1	EXL62869.1	unk
EWZ97664.1	EXL79798.1	unk
EWZ97664.1	EXL79799.1	unk
EWZ97664.1	EXM07821.1	unk
EWZ97664.1	EXM07822.1	unk
EWZ97664.1	KLP04687.1	unk
EWZ97664.1	KLP08182.1	unk
EWZ97664.1	PCD37458.1	unk
EWZ97664.1	SCN94395.1	unk
EWZ97664.1	SCO34268.1	unk
EWZ97664.1	SCO48776.1	unk
EWZ97664.1	SCO83952.1	unk
EWZ97664.1	SCV26765.1	unk
EWZ97664.1	XP_018234256.1	unk
EWZ97664.1	XP_018234257.1	unk
EXA33751.1	EXA33751.1	PNP_UDP
EXA33751.1	CZR46032.1	PNP_UDP
EXA33751.1	CVL11227.1	PNP_UDP
EXA33751.1	EMT72593.1	PNP_UDP
EXA33751.1	EWZ84313.1	PNP_UDP
EXA33751.1	EWZ84314.1	PNP_UDP
EXA33751.1	EWZ84315.1	PNP_UDP
EXA33751.1	EWZ84316.1	PNP_UDP
EXA33751.1	EXL91525.1	PNP_UDP
EXA33751.1	KLO98698.1	PNP_UDP
EXA33751.1	KLP17659.1	PNP_UDP
EXA33751.1	RBA13522.1	PNP_UDP
EXA33751.1	SCO55458.1	PNP_UDP
EXA33751.1	XP_023434072.1	PNP_UDP
EXA33751.1	EWZ00274.1	PNP_UDP
EXA33751.1	EXL67937.1	PNP_UDP
EXA33751.1	EGU80023.1	PNP_UDP
EXA33751.1	ENH66796.1	PNP_UDP
EXA33751.1	SCO80853.1	PNP_UDP
EXA33751.1	XP_018239333.1	PNP_UDP
EXA34070.1	EXA34070.1	PATATIN
EXA34070.1	CVK94922.1	PATATIN
EXA34070.1	CVL08443.1	PATATIN
EXA34070.1	CZR44041.1	PATATIN
EXA34070.1	EGU85090.1	PATATIN
EXA34070.1	EWY84164.1	PATATIN
EXA34070.1	EWZ29774.1	PATATIN
EXA34070.1	EXK80964.1	PATATIN
EXA34070.1	EXL41845.1	PATATIN
EXA34070.1	EXL71911.1	PATATIN
EXA34070.1	EXM14370.1	PATATIN
EXA34070.1	KLO90548.1	PATATIN
EXA34070.1	KLP01957.1	PATATIN
EXA34070.1	KLP20662.1	PATATIN
EXA34070.1	PCD26269.1	PATATIN
EXA34070.1	SCO21748.1	PATATIN
EXA34070.1	SCO58413.1	PATATIN
EXA34070.1	SCO90254.1	PATATIN
EXA34070.1	SCV60782.1	PATATIN
EXA34070.1	XP_018257097.1	PATATIN
EXA34070.1	XP_023436370.1	PATATIN
ELR08403.1	ELR08403.1	HELO-LIKE
ELR08403.1	ELR10080.1	HELO-LIKE
ELR08403.1	KFY02009.1	HELO-LIKE
ELR08403.1	KFY06076.1	HELO-LIKE
ELR08403.1	KFY32370.1	HELO-LIKE
ELR08403.1	KFY32377.1	HELO-LIKE
ELR08403.1	KFY61290.1	HELO-LIKE
ELR08403.1	KFY67885.1	HELO-LIKE
ELR08403.1	KFY68440.1	HELO-LIKE
ELR08403.1	KFY68931.1	HELO-LIKE
ELR08403.1	KFY78758.1	HELO-LIKE
ELR08403.1	KFY86453.1	HELO-LIKE
ELR08403.1	KFY92530.1	HELO-LIKE
ELR08403.1	KFY95951.1	HELO-LIKE
ELR08403.1	KFZ19736.1	HELO-LIKE
ELR08403.1	KFZ22424.1	HELO-LIKE
ELR08403.1	KIM95089.1	HELO-LIKE
ELR08403.1	OBT40523.1	HELO-LIKE
ELR08403.1	OBT55950.1	HELO-LIKE
ELR08403.1	OBT60675.1	HELO-LIKE
ELR08403.1	PMD18725.1	HELO-LIKE
ELR08403.1	XP_024320831.1	HELO-LIKE
ELR08403.1	XP_024325828.1	HELO-LIKE
CVK85317.1	CVK85317.1	HELO-LIKE
CVK85317.1	CVK85819.1	HELO-LIKE
CVK85317.1	CZR37837.1	HELO-LIKE
CVK85317.1	EGU82727.1	HELO-LIKE
CVK85317.1	ENH63706.1	HELO-LIKE
CVK85317.1	EWY82200.1	HELO-LIKE
CVK85317.1	EWZ79783.1	HELO-LIKE
CVK85317.1	EXA36844.1	HELO-LIKE
CVK85317.1	EXK36543.1	HELO-LIKE
CVK85317.1	EXK86556.1	HELO-LIKE
CVK85317.1	EXL52509.1	HELO-LIKE
CVK85317.1	EXL97378.1	HELO-LIKE
CVK85317.1	EXM21393.1	HELO-LIKE
CVK85317.1	KLO82275.1	HELO-LIKE
CVK85317.1	KLO85225.1	HELO-LIKE
CVK85317.1	PNP76563.1	HELO-LIKE
CVK85317.1	RBA20541.1	HELO-LIKE
CVK85317.1	RBQ76957.1	HELO-LIKE
CVK85317.1	RBR05472.1	HELO-LIKE
CVK85317.1	SCO42453.1	HELO-LIKE
CVK85317.1	SCO42835.1	HELO-LIKE
CVK85317.1	SCO91518.1	HELO-LIKE
CVK85317.1	XP_018252358.1	HELO-LIKE
CVK85317.1	XP_018760221.1	HELO-LIKE
EGU73958.1	EGU73958.1	unk
EGU73958.1	CVL02875.1	unk
EGU73958.1	CVL04549.1	unk
EGU73958.1	CZR35566.1	unk
EGU73958.1	EMT64650.1	unk
EGU73958.1	ENH72595.1	unk
EGU73958.1	EWY80452.1	unk
EGU73958.1	EWZ49452.1	unk
EGU73958.1	EWZ89097.1	unk
EGU73958.1	EXA54426.1	unk
EGU73958.1	EXK46697.1	unk
EGU73958.1	EXK93612.1	unk
EGU73958.1	EXL46264.1	unk
EGU73958.1	EXM09882.1	unk
EGU73958.1	EXM29074.1	unk
EGU73958.1	KLO86637.1	unk
EGU73958.1	KLP01930.1	unk
EGU73958.1	KLP16315.1	unk
EGU73958.1	PCD44877.1	unk
EGU73958.1	PNP77840.1	unk
EGU73958.1	RBQ74046.1	unk
EGU73958.1	RBQ87655.1	unk
EGU73958.1	RBR11842.1	unk
EGU73958.1	SCO27421.1	unk
EGU73958.1	SCO80372.1	unk
EGU73958.1	SCV50949.1	unk
EGU73958.1	XP_018249125.1	unk
EGU73958.1	XP_018756665.1	unk
EGU73958.1	XP_023423793.1	unk
EGU82178.1	EGU82178.1	SESB-LIKE
EGU82178.1	CVL09677.1	SESB-LIKE
EGU82178.1	CVL04450.1	SESB-LIKE
EGU82178.1	CZR47521.1	SESB-LIKE
EGU82178.1	PNP83593.1	SESB-LIKE
EGU82178.1	RBA20412.1	SESB-LIKE
EGU82178.1	RBR08386.1	SESB-LIKE
EGU82178.1	XP_018757605.1	SESB-LIKE
EGU82178.1	EWY85171.1	SESB-LIKE
EGU82178.1	EWZ35623.1	SESB-LIKE
EGU82178.1	EWZ96383.1	SESB-LIKE
EGU82178.1	EXA37748.1	SESB-LIKE
EGU82178.1	EXK30238.1	SESB-LIKE
EGU82178.1	EXK90359.1	SESB-LIKE
EGU82178.1	EXL55161.1	SESB-LIKE
EGU82178.1	EXM05743.1	SESB-LIKE
EGU82178.1	EXM27304.1	SESB-LIKE
EGU82178.1	PCD29159.1	SESB-LIKE
EGU82178.1	SCO89586.1	SESB-LIKE
EGU82178.1	XP_018249623.1	SESB-LIKE
EGU82178.1	EXM05744.1	SESB-LIKE
EGU82178.1	EXL81676.1	SESB-LIKE
OBT82122.1	OBT82122.1	HELO-LIKE
OBT82122.1	KFZ15388.1	HELO-LIKE
OBT82122.1	ELR05747.1	HELO-LIKE
OBT82122.1	ELR05748.1	HELO-LIKE
OBT82122.1	ELR10083.1	HELO-LIKE
OBT82122.1	KFY03640.1	HELO-LIKE
OBT82122.1	KFY18095.1	HELO-LIKE
OBT82122.1	KFY31441.1	HELO-LIKE
OBT82122.1	KFY31801.1	HELO-LIKE
OBT82122.1	KFY32241.1	HELO-LIKE
OBT82122.1	KFY79145.1	HELO-LIKE
OBT82122.1	KFY91992.1	HELO-LIKE
OBT82122.1	KFY98731.1	HELO-LIKE
OBT82122.1	KFZ13860.1	HELO-LIKE
OBT82122.1	KFZ18548.1	HELO-LIKE
OBT82122.1	KFZ24288.1	HELO-LIKE
OBT82122.1	OBT38761.1	HELO-LIKE
OBT82122.1	OBT42597.1	HELO-LIKE
OBT82122.1	OBT50693.1	HELO-LIKE
OBT82122.1	OBT84786.1	HELO-LIKE
OBT82122.1	XP_024320929.1	HELO-LIKE
OBT82122.1	XP_024321221.1	HELO-LIKE
CVL03808.1	CVL03808.1	PFD-LIKE
CVL03808.1	EGU86896.1	PFD-LIKE
CVL03808.1	EMT72092.1	PFD-LIKE
CVL03808.1	ENH70188.1	PFD-LIKE
CVL03808.1	EWY82909.1	PFD-LIKE
CVL03808.1	EWZ85340.1	PFD-LIKE
CVL03808.1	EXA35068.1	PFD-LIKE
CVL03808.1	EXK35827.1	PFD-LIKE
CVL03808.1	EXK77196.1	PFD-LIKE
CVL03808.1	EXL71260.1	PFD-LIKE
CVL03808.1	EXL98140.1	PFD-LIKE
CVL03808.1	EXM20798.1	PFD-LIKE
CVL03808.1	KLP17118.1	PFD-LIKE
CVL03808.1	PCD25331.1	PFD-LIKE
CVL03808.1	RBA14432.1	PFD-LIKE
CVL03808.1	RBQ96753.1	PFD-LIKE
CVL03808.1	RBR16192.1	PFD-LIKE
CVL03808.1	SCO92149.1	PFD-LIKE
CVL03808.1	XP_018761688.1	PFD-LIKE
CVL03808.1	XP_023435006.1	PFD-LIKE
CVL03991.1	CVL03991.1	HELO-LIKE
CVL03991.1	CVL06960.1	HELO-LIKE
CVL03991.1	CZR49145.1	HELO-LIKE
CVL03991.1	EGU86302.1	HELO-LIKE
CVL03991.1	EMT72196.1	HELO-LIKE
CVL03991.1	ENH74328.1	HELO-LIKE
CVL03991.1	EWY83036.1	HELO-LIKE
CVL03991.1	EWZ30319.1	HELO-LIKE
CVL03991.1	EWZ85457.1	HELO-LIKE
CVL03991.1	EXA35204.1	HELO-LIKE
CVL03991.1	EXK35708.1	HELO-LIKE
CVL03991.1	EXL51653.1	HELO-LIKE
CVL03991.1	EXL69391.1	HELO-LIKE
CVL03991.1	EXL98019.1	HELO-LIKE
CVL03991.1	EXM14361.1	HELO-LIKE
CVL03991.1	PCD25430.1	HELO-LIKE
CVL03991.1	RBA14516.1	HELO-LIKE
CVL03991.1	RBQ87558.1	HELO-LIKE
CVL03991.1	RBQ98250.1	HELO-LIKE
CVL03991.1	SCO24750.1	HELO-LIKE
CVL03991.1	SCO53744.1	HELO-LIKE
CVL03991.1	SCO92262.1	HELO-LIKE
CVL03991.1	SCV40214.1	HELO-LIKE
CVL03991.1	XP_018254454.1	HELO-LIKE
CVL03991.1	XP_018761780.1	HELO-LIKE
CVL03991.1	XP_023435104.1	HELO-LIKE
CVL06133.1	CVL06133.1	PNP_UDP
CVL06133.1	CZR48608.1	PNP_UDP
CVL06133.1	EWY99824.1	PNP_UDP
CVL06133.1	EWZ45839.1	PNP_UDP
CVL06133.1	EXK43271.1	PNP_UDP
CVL06133.1	EXM17498.1	PNP_UDP
CVL06133.1	KLO91972.1	PNP_UDP
CVL06133.1	KLO99564.1	PNP_UDP
CVL06133.1	PCD37250.1	PNP_UDP
CVL06133.1	SCO24320.1	PNP_UDP
CVL06133.1	SCO51868.1	PNP_UDP
CVL06133.1	SCO84167.1	PNP_UDP
CVL06133.1	SCV27211.1	PNP_UDP
CVL06133.1	XP_023427455.1	PNP_UDP
CVL06133.1	EGU75526.1	PNP_UDP
CVL06133.1	EMT72831.1	PNP_UDP
CVL06133.1	EWZ97341.1	PNP_UDP
CVL06133.1	EXA51118.1	PNP_UDP
CVL06133.1	EXK83489.1	PNP_UDP
CVL06133.1	EXL63191.1	PNP_UDP
CVL06133.1	EXL70478.1	PNP_UDP
CVL06133.1	EXM07508.1	PNP_UDP
CVL06133.1	RBA10527.1	PNP_UDP
CVL06133.1	XP_018255325.1	PNP_UDP
CVL10572.1	CVL10572.1	GOODBYE-LIKE
CVL10572.1	CVL04724.1	GOODBYE-LIKE
CVL10572.1	CZR47743.1	GOODBYE-LIKE
CVL10572.1	EGU83969.1	GOODBYE-LIKE
CVL10572.1	EMT65778.1	GOODBYE-LIKE
CVL10572.1	ENH65761.1	GOODBYE-LIKE
CVL10572.1	EXA38117.1	GOODBYE-LIKE
CVL10572.1	EXK89586.1	GOODBYE-LIKE
CVL10572.1	EXM05399.1	GOODBYE-LIKE
CVL10572.1	EXM26933.1	GOODBYE-LIKE
CVL10572.1	KLO83740.1	GOODBYE-LIKE
CVL10572.1	KLP06426.1	GOODBYE-LIKE
CVL10572.1	KLP11383.1	GOODBYE-LIKE
CVL10572.1	PNP74806.1	GOODBYE-LIKE
CVL10572.1	RBA20203.1	GOODBYE-LIKE
CVL10572.1	RBR00401.1	GOODBYE-LIKE
CVL10572.1	RBR18191.1	GOODBYE-LIKE
CVL10572.1	SCO06154.1	GOODBYE-LIKE
CVL10572.1	SCO47076.1	GOODBYE-LIKE
CVL10572.1	SCO55805.1	GOODBYE-LIKE
CVL10572.1	SCO89821.1	GOODBYE-LIKE
CVL10572.1	SCV44481.1	GOODBYE-LIKE
CVL10572.1	SCV52450.1	GOODBYE-LIKE
CVL10572.1	XP_018757268.1	GOODBYE-LIKE
CVL10572.1	XP_023435830.1	GOODBYE-LIKE
CZR44828.1	CZR44828.1	GOODBYE-LIKE
CZR44828.1	EGU83713.1	GOODBYE-LIKE
CZR44828.1	EMT71593.1	GOODBYE-LIKE
CZR44828.1	EWY83296.1	GOODBYE-LIKE
CZR44828.1	EWZ32867.1	GOODBYE-LIKE
CZR44828.1	EWZ85730.1	GOODBYE-LIKE
CZR44828.1	EXA35677.1	GOODBYE-LIKE
CZR44828.1	EXK27547.1	GOODBYE-LIKE
CZR44828.1	EXK82495.1	GOODBYE-LIKE
CZR44828.1	EXL45310.1	GOODBYE-LIKE
CZR44828.1	EXL68426.1	GOODBYE-LIKE
CZR44828.1	EXL99488.1	GOODBYE-LIKE
CZR44828.1	EXM20479.1	GOODBYE-LIKE
CZR44828.1	PCD27016.1	GOODBYE-LIKE
CZR44828.1	KLO91879.1	GOODBYE-LIKE
CZR44828.1	CVL11618.1	GOODBYE-LIKE
CZR44828.1	KLO99283.1	GOODBYE-LIKE
CZR44828.1	SCO04062.1	GOODBYE-LIKE
CZR44828.1	SCO44799.1	GOODBYE-LIKE
CZR44828.1	SCV48309.1	GOODBYE-LIKE
CZR44828.1	XP_023437053.1	GOODBYE-LIKE
CZR44828.1	ENH75580.1	GOODBYE-LIKE
EWZ01003.1	EWZ01003.1	unk
EWZ01003.1	EWZ01004.1	unk
EWZ01003.1	EWZ47036.1	unk
EWZ01003.1	EWZ47037.1	unk
EWZ01003.1	EWZ82202.1	unk
EWZ01003.1	EWZ82203.1	unk
EWZ01003.1	EXA43388.1	unk
EWZ01003.1	EXA43389.1	unk
EWZ01003.1	EXK44348.1	unk
EWZ01003.1	EXK44349.1	unk
EWZ01003.1	EXK91767.1	unk
EWZ01003.1	EXK91768.1	unk
EWZ01003.1	EXL46866.1	unk
EWZ01003.1	EXL46867.1	unk
EWZ01003.1	EXL78052.1	unk
EWZ01003.1	EXL78053.1	unk
EWZ01003.1	EXM02657.1	unk
EWZ01003.1	EXM02658.1	unk
EWZ01003.1	EXM17621.1	unk
EWZ01003.1	EXM17622.1	unk
EWZ01003.1	XP_018238635.1	unk
EWZ30168.1	EWZ30168.1	GOODBYE-LIKE
EWZ30168.1	EXA37076.1	GOODBYE-LIKE
EWZ30168.1	CVK96150.1	GOODBYE-LIKE
EWZ30168.1	CZR48119.1	GOODBYE-LIKE
EWZ30168.1	EGU75917.1	GOODBYE-LIKE
EWZ30168.1	EWY84508.1	GOODBYE-LIKE
EWZ30168.1	EWZ97056.1	GOODBYE-LIKE
EWZ30168.1	EXK34622.1	GOODBYE-LIKE
EWZ30168.1	EXK82534.1	GOODBYE-LIKE
EWZ30168.1	EXL54500.1	GOODBYE-LIKE
EWZ30168.1	EXL71695.1	GOODBYE-LIKE
EWZ30168.1	EXL96358.1	GOODBYE-LIKE
EWZ30168.1	EXM19798.1	GOODBYE-LIKE
EWZ30168.1	PCD28729.1	GOODBYE-LIKE
EWZ30168.1	RBA19768.1	GOODBYE-LIKE
EWZ30168.1	RBR07487.1	GOODBYE-LIKE
EWZ30168.1	SCO09764.1	GOODBYE-LIKE
EWZ30168.1	SCO49266.1	GOODBYE-LIKE
EWZ30168.1	SCO89146.1	GOODBYE-LIKE
EWZ30168.1	SCV41841.1	GOODBYE-LIKE
EWZ30168.1	XP_018252907.1	GOODBYE-LIKE
EWZ30168.1	XP_018758451.1	GOODBYE-LIKE
EWZ30168.1	XP_023435296.1	GOODBYE-LIKE
EWZ30168.1	SCO16343.1	GOODBYE-LIKE
EWZ30714.1	EWZ30714.1	unk
EWZ30714.1	CVL01315.1	unk
EWZ30714.1	CVL08944.1	unk
EWZ30714.1	CZR46784.1	unk
EWZ30714.1	EMT67257.1	unk
EWZ30714.1	ENH74771.1	unk
EWZ30714.1	EWY82653.1	unk
EWZ30714.1	EXA36377.1	unk
EWZ30714.1	EXL70168.1	unk
EWZ30714.1	EXM18301.1	unk
EWZ30714.1	KLO80204.1	unk
EWZ30714.1	KLP09000.1	unk
EWZ30714.1	KLP13920.1	unk
EWZ30714.1	PCD25102.1	unk
EWZ30714.1	PNP60582.1	unk
EWZ30714.1	RBA14191.1	unk
EWZ30714.1	SCO91915.1	unk
EWZ30714.1	SCV38964.1	unk
EWZ30714.1	XP_018252819.1	unk
EWZ30714.1	XP_018762257.1	unk
EWZ30714.1	XP_023434761.1	unk
EWZ35285.1	EWZ35285.1	SESB-LIKE
EWZ35285.1	CVK96463.1	SESB-LIKE
EWZ35285.1	CVK98440.1	SESB-LIKE
EWZ35285.1	CZR48374.1	SESB-LIKE
EWZ35285.1	EMT62469.1	SESB-LIKE
EWZ35285.1	ENH74085.1	SESB-LIKE
EWZ35285.1	EWY84836.1	SESB-LIKE
EWZ35285.1	EWZ96722.1	SESB-LIKE
EWZ35285.1	EXA37410.1	SESB-LIKE
EWZ35285.1	EXK34949.1	SESB-LIKE
EWZ35285.1	EXK86173.1	SESB-LIKE
EWZ35285.1	EXL78716.1	SESB-LIKE
EWZ35285.1	EXM06068.1	SESB-LIKE
EWZ35285.1	EXM25090.1	SESB-LIKE
EWZ35285.1	KLP12267.1	SESB-LIKE
EWZ35285.1	PCD28958.1	SESB-LIKE
EWZ35285.1	RBR06940.1	SESB-LIKE
EWZ35285.1	SCO49709.1	SESB-LIKE
EWZ35285.1	SCO89382.1	SESB-LIKE
EWZ35285.1	SCV42853.1	SESB-LIKE
EWZ35285.1	XP_018253240.1	SESB-LIKE
EWZ35285.1	XP_018758752.1	SESB-LIKE
EWZ35285.1	XP_018758753.1	SESB-LIKE
EWZ35285.1	XP_023436183.1	SESB-LIKE
EXK36169.1	EXK36169.1	unk
EXK36169.1	EWZ84998.1	unk
EXK36169.1	CVK97670.1	unk
EXK36169.1	CVL01375.1	PNP_UDP
EXK36169.1	CZR46707.1	unk
EXK36169.1	EGU84384.1	PNP_UDP
EXK36169.1	ENH74703.1	PNP_UDP
EXK36169.1	EWZ30802.1	PNP_UDP
EXK36169.1	EXL52127.1	PNP_UDP
EXK36169.1	EXL67248.1	unk
EXK36169.1	EXL96085.1	unk
EXK36169.1	EXM22980.1	PNP_UDP
EXK36169.1	KLO80271.1	unk
EXK36169.1	KLP00448.1	PNP_UDP
EXK36169.1	KLP22159.1	unk
EXK36169.1	PNP78750.1	PNP_UDP
EXK36169.1	RBA14129.1	PNP_UDP
EXK36169.1	SCO39841.1	PNP_UDP
EXK36169.1	SCO91840.1	unk
EXK36169.1	SCV38670.1	unk
EXK36169.1	SCV58599.1	PNP_UDP
EXK36169.1	XP_023434699.1	unk
KKZ62538.1	KKZ62538.1	SESB-LIKE
KKZ62538.1	EEH04816.1	SESB-LIKE
KKZ62538.1	EEH19981.2	SESB-LIKE
KKZ62538.1	EER37160.1	SESB-LIKE
KKZ62538.1	EGC40848.1	SESB-LIKE
KKZ62538.1	EGE83411.1	SESB-LIKE
KKZ62538.1	EQL36262.1	SESB-LIKE
KKZ62538.1	EQL36264.1	SESB-LIKE
KKZ62538.1	KLJ09139.1	SESB-LIKE
KKZ62538.1	KMW68103.1	SESB-LIKE
KKZ62538.1	OAS99571.1	SESB-LIKE
KKZ62538.1	OAS99573.1	SESB-LIKE
KKZ62538.1	OAX78989.1	SESB-LIKE
KKZ62538.1	ODH39374.1	SESB-LIKE
KKZ62538.1	OJD15600.1	SESB-LIKE
KKZ62538.1	OJD28157.1	SESB-LIKE
KKZ62538.1	PGH04037.1	SESB-LIKE
KKZ62538.1	PGH35194.1	SESB-LIKE
KKZ62538.1	XP_001542982.1	SESB-LIKE
KKZ62538.1	XP_002623439.1	SESB-LIKE
KKZ62538.1	XP_010756438.1	SESB-LIKE
KLO84370.1	KLO84370.1	unk
KLO84370.1	CVK90509.1	unk
KLO84370.1	CVK99771.1	unk
KLO84370.1	CZR42029.1	unk
KLO84370.1	EGU76842.1	unk
KLO84370.1	ENH65416.1	unk
KLO84370.1	EWY88995.1	unk
KLO84370.1	EWZ39483.1	unk
KLO84370.1	EWZ88419.1	unk
KLO84370.1	EXA40276.1	unk
KLO84370.1	EXK98397.1	unk
KLO84370.1	EXL51030.1	unk
KLO84370.1	EXL94115.1	unk
KLO84370.1	EXM35430.1	unk
KLO84370.1	KLP00383.1	unk
KLO84370.1	KLP17420.1	unk
KLO84370.1	PCD33268.1	unk
KLO84370.1	RBA19400.1	unk
KLO84370.1	SCN83899.1	unk
KLO84370.1	SCN85874.1	unk
KLO84370.1	SCO34964.1	unk
KLO84370.1	SCO49619.1	unk
KLO84370.1	SCO87018.1	unk
KLO84370.1	SCV34974.1	unk
KLO84370.1	SCV36285.1	unk
KLO84370.1	XP_018237640.1	unk
KLO84370.1	XP_023432001.1	unk
EMT74125.1	EMT74125.1	PNP_UDP
EMT74125.1	CVK94886.1	PNP_UDP
EMT74125.1	CZR44015.1	PNP_UDP
EMT74125.1	ENH73420.1	PNP_UDP
EMT74125.1	EWY84174.1	PNP_UDP
EMT74125.1	EWZ79468.1	PNP_UDP
EMT74125.1	EXA34084.1	PNP_UDP
EMT74125.1	EXK80951.1	PNP_UDP
EMT74125.1	EXL41861.1	PNP_UDP
EMT74125.1	EXL71923.1	PNP_UDP
EMT74125.1	EXL92097.1	PNP_UDP
EMT74125.1	EXM14342.1	PNP_UDP
EMT74125.1	KLO90526.1	PNP_UDP
EMT74125.1	KLP09509.1	PNP_UDP
EMT74125.1	KLP23236.1	PNP_UDP
EMT74125.1	PCD26255.1	PNP_UDP
EMT74125.1	RBA22477.1	PNP_UDP
EMT74125.1	RBQ83569.1	PNP_UDP
EMT74125.1	RBR19821.1	PNP_UDP
EMT74125.1	SCO21676.1	PNP_UDP
EMT74125.1	SCO53505.1	PNP_UDP
EMT74125.1	SCO58437.1	PNP_UDP
EMT74125.1	SCO90241.1	PNP_UDP
EMT74125.1	SCV47011.1	PNP_UDP
EMT74125.1	XP_023436346.1	PNP_UDP
ENH65780.1	ENH65780.1	HELO-LIKE
ENH65780.1	EWY85563.1	HELO-LIKE
ENH65780.1	CVL10548.1	HELO-LIKE
ENH65780.1	EGU77959.1	HELO-LIKE
ENH65780.1	EMT65750.1	HELO-LIKE
ENH65780.1	EWZ36008.1	HELO-LIKE
ENH65780.1	EWZ95992.1	HELO-LIKE
ENH65780.1	EXA38143.1	HELO-LIKE
ENH65780.1	EXK29835.1	HELO-LIKE
ENH65780.1	EXK89562.1	HELO-LIKE
ENH65780.1	EXL55545.1	HELO-LIKE
ENH65780.1	EXL70317.1	HELO-LIKE
ENH65780.1	EXM05370.1	HELO-LIKE
ENH65780.1	EXM26929.1	HELO-LIKE
ENH65780.1	PCD29401.1	HELO-LIKE
ENH65780.1	PNP73681.1	HELO-LIKE
ENH65780.1	RBA20181.1	HELO-LIKE
ENH65780.1	RBR02846.1	HELO-LIKE
ENH65780.1	RBR18173.1	HELO-LIKE
ENH65780.1	SCO89843.1	HELO-LIKE
ENH65780.1	XP_018757242.1	HELO-LIKE
ENH65852.1	ENH65852.1	SESB-LIKE
ENH65852.1	EMT71148.1	SESB-LIKE
ENH65852.1	CVK95433.1	SESB-LIKE
ENH65852.1	CVL09977.1	SESB-LIKE
ENH65852.1	CZR44402.1	SESB-LIKE
ENH65852.1	EGU78152.1	SESB-LIKE
ENH65852.1	EWY83791.1	SESB-LIKE
ENH65852.1	EWZ32340.1	SESB-LIKE
ENH65852.1	EWZ86264.1	SESB-LIKE
ENH65852.1	EXA36206.1	SESB-LIKE
ENH65852.1	EXK29342.1	SESB-LIKE
ENH65852.1	EXL45833.1	SESB-LIKE
ENH65852.1	EXL93639.1	SESB-LIKE
ENH65852.1	EXM18401.1	SESB-LIKE
ENH65852.1	KLO85090.1	SESB-LIKE
ENH65852.1	KLO94977.1	SESB-LIKE
ENH65852.1	PCD26579.1	SESB-LIKE
ENH65852.1	PNP81196.1	SESB-LIKE
ENH65852.1	RBA22188.1	SESB-LIKE
ENH65852.1	RBQ92569.1	SESB-LIKE
ENH65852.1	RBR10812.1	SESB-LIKE
ENH65852.1	SCN65431.1	SESB-LIKE
ENH65852.1	SCO44014.1	SESB-LIKE
ENH65852.1	SCO58099.1	SESB-LIKE
ENH65852.1	SCO90569.1	SESB-LIKE
ENH65852.1	SCV47538.1	SESB-LIKE
ENH65852.1	SCV49895.1	SESB-LIKE
ENH65852.1	XP_018247052.1	SESB-LIKE
ENH65852.1	XP_018755396.1	SESB-LIKE
ENH65852.1	XP_023436654.1	SESB-LIKE
ENH67485.1	ENH67485.1	HELO-LIKE
ENH67485.1	CZR43572.1	HELO-LIKE
ENH67485.1	EGU76597.1	HELO-LIKE
ENH67485.1	EWY90089.1	HELO-LIKE
ENH67485.1	EWZ36688.1	HELO-LIKE
ENH67485.1	EWZ90650.1	HELO-LIKE
ENH67485.1	EXA44267.1	HELO-LIKE
ENH67485.1	EXK38717.1	HELO-LIKE
ENH67485.1	EXK88764.1	HELO-LIKE
ENH67485.1	EXL56149.1	HELO-LIKE
ENH67485.1	EXM19724.1	HELO-LIKE
ENH67485.1	RBQ66094.1	HELO-LIKE
ENH67485.1	RBQ98910.1	HELO-LIKE
ENH67485.1	RBR15080.1	HELO-LIKE
ENH67485.1	SCO78153.1	HELO-LIKE
ENH67485.1	XP_018239833.1	HELO-LIKE
ENH67485.1	XP_018747194.1	HELO-LIKE
ENH67485.1	CVK92126.1	HELO-LIKE
ENH67485.1	KLO88887.1	HELO-LIKE
ENH67485.1	KLO94673.1	HELO-LIKE
ENH67485.1	SCN87061.1	HELO-LIKE
ENH67485.1	SCO31268.1	HELO-LIKE
ENH67485.1	SCO46522.1	HELO-LIKE
ENH67485.1	SCV28720.1	HELO-LIKE
ENH67485.1	XP_023430279.1	HELO-LIKE
ENH67485.1	EMT63116.1	HELO-LIKE
EXM13274.1	EXM13274.1	PNP_UDP
EXM13274.1	EGU87923.1	PNP_UDP
EXM13274.1	EWY99469.1	PNP_UDP
EXM13274.1	EWZ27780.1	PNP_UDP
EXM13274.1	EWZ28912.1	PNP_UDP
EXM13274.1	EWZ48989.1	PNP_UDP
EXM13274.1	EXA31001.1	PNP_UDP
EXM13274.1	EXK26981.1	PNP_UDP
EXM13274.1	EXK26982.1	PNP_UDP
EXM13274.1	EXK27458.1	PNP_UDP
EXM13274.1	EXK76369.1	PNP_UDP
EXM13274.1	EXK77074.1	PNP_UDP
EXM13274.1	EXL39659.1	PNP_UDP
EXM13274.1	EXL40446.1	PNP_UDP
EXM13274.1	EXL40447.1	PNP_UDP
EXM13274.1	EXL40448.1	PNP_UDP
EXM13274.1	EXL75562.1	PNP_UDP
EXM13274.1	EXM14214.1	PNP_UDP
EXM13274.1	EXM16408.1	PNP_UDP
EXM13274.1	EXM35625.1	PNP_UDP
EXM13274.1	KPA36758.1	unk
EXM13274.1	KPA37290.1	PNP_UDP
EXM13274.1	SCO03495.1	PNP_UDP
EXM13274.1	SCO20008.1	PNP_UDP
EXM13274.1	SCO22023.1	PNP_UDP
EXM13274.1	SCO35600.1	PNP_UDP
EXM13274.1	XP_018254024.1	PNP_UDP
EXM13274.1	XP_018254444.1	PNP_UDP
EXM13274.1	XP_018254445.1	PNP_UDP
EXM13274.1	XP_018254448.1	PNP_UDP
EXM13274.1	XP_025581447.1	PNP_UDP
EXM13274.1	EWZ27781.1	PNP_UDP
EXM13274.1	EXA31003.1	PNP_UDP
EXM13274.1	EXM35626.1	PNP_UDP
EXM13274.1	XP_018254449.1	PNP_UDP
EXM13274.1	PNP74098.1	PNP_UDP
EXM16918.1	EXM16918.1	GOODBYE-LIKE
EXM16918.1	EWZ29587.1	GOODBYE-LIKE
EXM16918.1	EWZ81553.1	GOODBYE-LIKE
EXM16918.1	EXA33904.1	GOODBYE-LIKE
EXM16918.1	EXK30749.1	GOODBYE-LIKE
EXM16918.1	EXK81696.1	GOODBYE-LIKE
EXM16918.1	EXL41658.1	GOODBYE-LIKE
EXM16918.1	EXL68905.1	GOODBYE-LIKE
EXM16918.1	PCD26412.1	GOODBYE-LIKE
EXM16918.1	PNP54812.1	GOODBYE-LIKE
EXM16918.1	CVL08160.1	GOODBYE-LIKE
EXM16918.1	CVK95149.1	GOODBYE-LIKE
EXM16918.1	CZR44214.1	GOODBYE-LIKE
EXM16918.1	SCN83041.1	GOODBYE-LIKE
EXM16918.1	SCO08945.1	GOODBYE-LIKE
EXM16918.1	SCO58272.1	GOODBYE-LIKE
EXM16918.1	SCV47259.1	GOODBYE-LIKE
EXM16918.1	EGU76439.1	GOODBYE-LIKE
EXM16918.1	ENH73265.1	GOODBYE-LIKE
EXM16918.1	RBA22339.1	GOODBYE-LIKE
EXM16918.1	SCO90398.1	GOODBYE-LIKE
EXM16918.1	XP_018761804.1	GOODBYE-LIKE
PNP82941.1	PNP82941.1	SESB-LIKE
PNP82941.1	CVK89251.1	SESB-LIKE
PNP82941.1	CVK92833.1	SESB-LIKE
PNP82941.1	CZR39734.1	SESB-LIKE
PNP82941.1	EGU81831.1	SESB-LIKE
PNP82941.1	EMT65391.1	SESB-LIKE
PNP82941.1	EWY98769.1	SESB-LIKE
PNP82941.1	EWZ44849.1	SESB-LIKE
PNP82941.1	EXA50117.1	SESB-LIKE
PNP82941.1	EXL62175.1	SESB-LIKE
PNP82941.1	EXL85960.1	SESB-LIKE
PNP82941.1	EXM36440.1	SESB-LIKE
PNP82941.1	KIL90835.1	SESB-LIKE
PNP82941.1	KLO80120.1	SESB-LIKE
PNP82941.1	KLP10704.1	SESB-LIKE
PNP82941.1	KLP17164.1	SESB-LIKE
PNP82941.1	PCD37785.1	SESB-LIKE
PNP82941.1	RBQ80242.1	SESB-LIKE
PNP82941.1	RBQ84880.1	SESB-LIKE
PNP82941.1	RBR18775.1	SESB-LIKE
PNP82941.1	SCN79100.1	SESB-LIKE
PNP82941.1	SCN95307.1	SESB-LIKE
PNP82941.1	SCO38781.1	SESB-LIKE
PNP82941.1	SCO83551.1	SESB-LIKE
PNP82941.1	SCV26046.1	SESB-LIKE
PNP82941.1	SCV30882.1	SESB-LIKE
PNP82941.1	XP_018234838.1	SESB-LIKE
PNP82941.1	XP_018754607.1	SESB-LIKE
PNP82941.1	XP_023428854.1	SESB-LIKE
PNP85346.1	PNP85346.1	HELO-LIKE
PNP85346.1	CZR48872.1	HELO-LIKE
PNP85346.1	EGU87380.1	HELO-LIKE
PNP85346.1	EMT71940.1	HELO-LIKE
PNP85346.1	ENH74848.1	HELO-LIKE
PNP85346.1	EWY82743.1	HELO-LIKE
PNP85346.1	EWZ30621.1	HELO-LIKE
PNP85346.1	EWZ85170.1	HELO-LIKE
PNP85346.1	EXA36292.1	HELO-LIKE
PNP85346.1	EXK35992.1	HELO-LIKE
PNP85346.1	EXK87645.1	HELO-LIKE
PNP85346.1	EXL74304.1	HELO-LIKE
PNP85346.1	EXM17857.1	HELO-LIKE
PNP85346.1	KLO79061.1	HELO-LIKE
PNP85346.1	KLP10314.1	HELO-LIKE
PNP85346.1	KLP12067.1	HELO-LIKE
PNP85346.1	RBA14261.1	HELO-LIKE
PNP85346.1	RBQ81873.1	HELO-LIKE
PNP85346.1	RBQ93950.1	HELO-LIKE
PNP85346.1	RBR15708.1	HELO-LIKE
PNP85346.1	SCO24937.1	HELO-LIKE
PNP85346.1	SCO25287.1	HELO-LIKE
PNP85346.1	SCO52820.1	HELO-LIKE
PNP85346.1	SCO91992.1	HELO-LIKE
PNP85346.1	SCV60027.1	HELO-LIKE
PNP85346.1	XP_018254100.1	HELO-LIKE
PNP85346.1	XP_018761553.1	HELO-LIKE
PNP85346.1	XP_023434837.1	HELO-LIKE
